keyword,monthly_volume,difficulty,cpc_usd,serp_features,trend,content_format,cluster_topic,keyword_type,intent_subtype,location_scope
how to make bridal makeup last all day,1900,18,2.80,featured snippet|PAA,stable,how-to guide,bridal makeup longevity,core,how-to,national
does airbrush makeup last longer than regular makeup,720,14,1.90,PAA|featured snippet,stable,comparison article,airbrush vs traditional,core,comparison,national
what is airbrush makeup for weddings,590,12,2.10,PAA|featured snippet,stable,what-is explainer,airbrush vs traditional,core,what-is,national
airbrush makeup pros and cons for brides,480,16,2.40,PAA,stable,comparison article,airbrush vs traditional,core,comparison,national
how to prep skin for wedding makeup,1600,20,2.20,PAA|featured snippet,stable,how-to guide,bridal skin prep,core,how-to,national
what to put on skin before wedding makeup,880,17,1.80,PAA|featured snippet,stable,how-to guide,bridal skin prep,core,how-to,national
how to make foundation last in heat and humidity,1200,19,1.50,featured snippet|PAA,rising,how-to guide,bridal makeup longevity,core,how-to,national
does setting spray actually work for weddings,390,11,1.40,PAA,stable,FAQ page,bridal makeup longevity,core,what-is,national
how to keep makeup from melting in Texas heat,720,13,1.30,PAA|featured snippet,seasonal,how-to guide,bridal makeup longevity,core,how-to,local
what is soft glam makeup,2400,22,1.60,featured snippet|PAA,rising,what-is explainer,makeup education,core,what-is,national
soft glam vs natural glam makeup difference,590,15,1.20,PAA,rising,comparison article,makeup education,core,comparison,national
how to do soft glam makeup step by step,1300,24,1.10,featured snippet|video carousel,rising,how-to guide,makeup education,core,how-to,national
what does a makeup artist do on wedding day,720,16,2.00,PAA,stable,what-is explainer,bridal beauty process,core,what-is,national
how to prepare for bridal makeup trial,1600,19,2.30,featured snippet|PAA,stable,checklist,bridal beauty process,core,checklist,national
what to bring to bridal makeup trial,880,14,1.80,PAA|featured snippet,stable,checklist,bridal beauty process,core,checklist,national
what to wear to bridal hair and makeup trial,590,12,1.50,PAA,stable,checklist,bridal beauty process,core,checklist,national
how far in advance should you book wedding makeup,1100,17,2.50,PAA|featured snippet,stable,FAQ page,bridal booking & planning,core,how-to,national
when to schedule bridal hair and makeup trial,720,15,2.10,PAA,stable,FAQ page,bridal booking & planning,core,how-to,national
what happens at a bridal hair and makeup trial,480,13,1.80,PAA,stable,what-is explainer,bridal beauty process,core,what-is,national
how to choose a wedding hair and makeup artist,1400,21,2.60,PAA|featured snippet,stable,checklist,bridal booking & planning,core,how-to,national
questions to ask wedding hair and makeup artist,1900,20,2.30,featured snippet|PAA,stable,listicle,bridal booking & planning,core,checklist,national
what is included in a bridal hair and makeup trial,590,14,2.00,PAA,stable,FAQ page,bridal booking & planning,core,what-is,national
do you tip your wedding makeup artist,880,13,1.20,PAA|featured snippet,stable,FAQ page,bridal booking & planning,core,why,national
how much do wedding hair and makeup artists charge,1600,22,3.10,PAA|local pack,stable,FAQ page,bridal booking & planning,core,what-is,national
how to find a mobile makeup artist for wedding,480,16,2.80,PAA,stable,how-to guide,on-location service model,core,how-to,national
what is a mobile makeup artist,390,10,1.90,PAA,stable,what-is explainer,on-location service model,core,what-is,national
benefits of hiring on-location makeup artist,320,9,2.20,none,stable,listicle,on-location service model,core,why,national
do makeup artists travel to the venue,590,12,2.40,PAA,stable,FAQ page,on-location service model,core,what-is,national
what to expect when hiring a traveling makeup artist,280,8,1.80,none,stable,what-is explainer,on-location service model,core,what-is,national
how far will a makeup artist travel for a wedding,390,11,2.10,PAA,stable,FAQ page,on-location service model,core,how-to,national
what is a getting ready suite at a wedding,720,14,1.40,PAA|featured snippet,rising,what-is explainer,on-location service model,adjacent,what-is,national
how to organize getting ready room for wedding morning,480,12,1.10,PAA,rising,checklist,on-location service model,adjacent,checklist,national
how to schedule hair and makeup for large bridal party,1100,18,2.40,featured snippet|PAA,stable,how-to guide,bridal booking & planning,core,how-to,national
how to create a wedding morning timeline,880,16,1.50,PAA|featured snippet,stable,checklist,bridal booking & planning,core,checklist,national
quinceañera hair and makeup ideas,1300,20,1.60,image pack|PAA,rising,listicle,quinceañera hair & makeup,core,best-of,national
quinceañera makeup looks for brown skin,590,14,1.20,image pack,rising,listicle,quinceañera hair & makeup,core,best-of,national
what kind of makeup is best for quinceañera,720,15,1.40,PAA|featured snippet,stable,FAQ page,quinceañera hair & makeup,core,what-is,national
quinceañera makeup vs bridal makeup differences,280,9,1.30,PAA,stable,comparison article,quinceañera hair & makeup,core,comparison,national
how long does quinceañera hair and makeup take,590,12,1.50,PAA|featured snippet,stable,FAQ page,quinceañera hair & makeup,core,how-to,national
how to do quinceañera updo with crown,480,11,1.10,PAA|video carousel,rising,how-to guide,quinceañera hair & makeup,core,how-to,national
hairstyles for quinceañera damas,720,16,1.00,image pack|PAA,rising,listicle,quinceañera hair & makeup,core,best-of,national
should damas get their hair and makeup done professionally,320,8,1.20,PAA,rising,FAQ page,quinceañera hair & makeup,core,why,national
how to coordinate hair and makeup for quinceañera court,390,10,1.30,PAA,rising,checklist,quinceañera hair & makeup,core,checklist,national
quinceañera hair ideas with tiara,590,13,0.90,image pack|PAA,stable,listicle,quinceañera hair & makeup,core,best-of,national
how to make quinceañera makeup last all night,390,10,1.40,PAA,stable,how-to guide,quinceañera hair & makeup,core,how-to,national
what is quinceañera hair and makeup trial,280,7,1.30,PAA,rising,what-is explainer,quinceañera hair & makeup,core,what-is,national
quinceañera makeup for 15 year old teen tips,480,13,1.00,PAA,rising,how-to guide,quinceañera hair & makeup,core,how-to,national
how to choose hair and makeup artist for quinceañera,480,11,1.60,PAA,rising,checklist,quinceañera hair & makeup,core,how-to,national
quinceañera hair and makeup packages what to look for,280,8,1.80,PAA,rising,FAQ page,quinceañera hair & makeup,core,what-is,national
quinceañera makeup ideas for dark skin,480,12,1.10,image pack|PAA,rising,listicle,quinceañera hair & makeup,core,best-of,national
how to wear veil with updo hairstyle,1100,19,1.20,featured snippet|PAA|image pack,stable,how-to guide,bridal hair education,core,how-to,national
how to keep updo from falling out all day,720,15,1.00,PAA|featured snippet,stable,how-to guide,bridal hair education,core,how-to,national
best hairstyles for humid weather weddings,880,17,1.30,image pack|PAA,seasonal,listicle,bridal hair education,core,best-of,national
humidity proof wedding hairstyles,720,14,1.20,image pack|PAA,seasonal,listicle,bridal hair education,core,best-of,national
how to prepare hair for wedding updo,880,16,1.50,PAA|featured snippet,stable,how-to guide,bridal hair education,core,how-to,national
should you wash hair day before wedding updo,590,13,1.10,PAA|featured snippet,stable,FAQ page,bridal hair education,core,why,national
what hair products help updos last longer,390,11,0.90,PAA,stable,listicle,bridal hair education,core,how-to,national
half up half down wedding hair pros and cons,590,14,1.00,PAA,stable,comparison article,bridal hair education,core,comparison,national
wedding hair down in Texas summer tips,320,8,1.10,PAA,seasonal,how-to guide,bridal hair education,core,how-to,local
how to attach wedding veil to low bun,590,12,0.90,featured snippet|PAA,stable,how-to guide,bridal hair education,core,how-to,national
what to tell your hairstylist for wedding,720,16,1.60,PAA,stable,checklist,bridal hair education,core,checklist,national
how many bobby pins for bridal updo,280,7,0.70,PAA,stable,FAQ page,bridal hair education,core,how-to,national
can you have extensions for wedding updo,390,10,1.20,PAA,stable,FAQ page,bridal hair education,core,what-is,national
how to prevent hair frizz at outdoor wedding,590,13,1.00,PAA|featured snippet,seasonal,how-to guide,bridal hair education,core,how-to,national
what makes makeup look good in photos,1300,21,1.40,PAA|featured snippet,stable,how-to guide,photoshoot makeup,core,what-is,national
how to prepare skin for a photoshoot,720,16,1.30,PAA|featured snippet,stable,how-to guide,photoshoot makeup,core,how-to,national
what is editorial makeup,590,15,1.10,featured snippet|PAA,stable,what-is explainer,photoshoot makeup,core,what-is,national
makeup that looks good under studio lighting,480,12,1.20,PAA,stable,how-to guide,photoshoot makeup,core,how-to,national
how to avoid flashback in photos from makeup,590,13,1.30,featured snippet|PAA,stable,how-to guide,photoshoot makeup,core,how-to,national
difference between photoshoot makeup and everyday makeup,390,10,1.00,PAA,stable,comparison article,photoshoot makeup,core,comparison,national
what products do makeup artists use for photoshoots,480,14,1.40,PAA,stable,listicle,photoshoot makeup,core,what-is,national
how to do your own makeup for a photoshoot,880,19,0.90,PAA|video carousel,rising,how-to guide,photoshoot makeup,adjacent,how-to,national
what is skin prep before makeup,1100,18,1.30,featured snippet|PAA,rising,what-is explainer,makeup education,core,what-is,national
how to prime skin for flawless makeup,880,17,1.40,PAA|featured snippet,stable,how-to guide,makeup education,core,how-to,national
what order do you apply makeup products,1600,22,1.20,featured snippet|PAA|video carousel,stable,how-to guide,makeup education,core,how-to,national
how to blend foundation seamlessly,1300,20,1.10,PAA|video carousel|featured snippet,stable,how-to guide,makeup education,core,how-to,national
how to contour for beginners,1900,24,1.00,video carousel|featured snippet|PAA,rising,how-to guide,makeup education,core,how-to,national
what does a makeup setting spray do,1100,18,1.50,featured snippet|PAA,stable,what-is explainer,makeup education,core,what-is,national
how to make dark circles disappear with makeup,1300,22,1.30,PAA|featured snippet|video carousel,stable,how-to guide,makeup education,core,how-to,national
how to apply false lashes for beginners,1600,23,0.80,video carousel|PAA|featured snippet,stable,how-to guide,makeup education,core,how-to,national
what primer is best for oily skin under makeup,880,20,1.60,PAA|featured snippet,stable,comparison article,makeup education,core,best-of,national
bridal skincare routine 6 months before wedding,1100,18,2.00,PAA|featured snippet,rising,how-to guide,bridal skin prep,adjacent,how-to,national
how to get glowing skin for wedding day,1600,22,1.80,PAA|featured snippet,rising,how-to guide,bridal skin prep,adjacent,how-to,national
best face masks before wedding,720,16,1.40,PAA,stable,listicle,bridal skin prep,adjacent,best-of,national
how to reduce puffiness before wedding morning,480,12,1.20,PAA|featured snippet,stable,how-to guide,bridal skin prep,adjacent,how-to,national
what not to do to skin week before wedding,590,13,1.50,PAA|featured snippet,rising,listicle,bridal skin prep,adjacent,checklist,national
how long before wedding should you start skincare routine,880,17,1.70,PAA|featured snippet,stable,FAQ page,bridal skin prep,adjacent,how-to,national
can I get a facial the week before my wedding,590,14,1.60,PAA,stable,FAQ page,bridal skin prep,adjacent,why,national
what to drink for glowing skin before wedding,480,12,1.00,PAA,rising,listicle,bridal skin prep,adjacent,how-to,national
how to plan quinceañera 12 months out checklist,1100,19,1.20,PAA|featured snippet,stable,checklist,quinceañera planning,adjacent,checklist,national
quinceañera planning timeline what to book first,720,15,1.10,PAA,stable,listicle,quinceañera planning,adjacent,how-to,national
how much does a quinceañera cost on average,1600,21,1.40,PAA|featured snippet,stable,FAQ page,quinceañera planning,adjacent,what-is,national
how to write quinceañera court invitations,590,13,0.80,PAA,stable,how-to guide,quinceañera planning,adjacent,how-to,national
quinceañera dress and makeup color coordination,390,10,1.00,PAA|image pack,rising,how-to guide,quinceañera planning,adjacent,how-to,national
what does a quinceañera celebration involve,720,14,1.00,PAA|featured snippet,stable,what-is explainer,quinceañera planning,adjacent,what-is,national
how to choose quinceañera theme and colors,590,13,0.90,PAA,stable,how-to guide,quinceañera planning,adjacent,how-to,national
what is the difference between quinceañera and sweet 16,720,14,0.80,PAA|featured snippet,stable,comparison article,quinceañera planning,adjacent,comparison,national
wedding vendor checklist what to book first,1300,20,1.60,PAA|featured snippet,stable,checklist,wedding planning upstream,adjacent,checklist,national
how to create a wedding morning schedule for bride,720,16,1.50,PAA|featured snippet,stable,checklist,wedding planning upstream,adjacent,checklist,national
what to eat morning of wedding before makeup,590,13,1.10,PAA,stable,FAQ page,wedding planning upstream,adjacent,what-is,national
how to stay calm on wedding morning,720,15,1.00,PAA|featured snippet,stable,listicle,wedding planning upstream,adjacent,how-to,national
signs of a good wedding vendor to book,480,12,1.30,PAA,stable,listicle,wedding planning upstream,adjacent,checklist,national
wedding day emergency kit what to pack,880,17,0.90,PAA|featured snippet,stable,checklist,wedding planning upstream,adjacent,checklist,national
how to coordinate wedding vendor arrival times,390,10,1.20,PAA,stable,how-to guide,wedding planning upstream,adjacent,how-to,national
what vendors do you need for a wedding,1100,19,1.40,PAA|featured snippet,stable,listicle,wedding planning upstream,adjacent,what-is,national
how to look good in wedding photos without professional makeup,720,16,1.00,PAA,stable,how-to guide,DIY vs professional,adjacent,comparison,national
is it worth hiring professional makeup artist for wedding,590,14,1.80,PAA|featured snippet,stable,comparison article,DIY vs professional,core,why,national
why does wedding makeup cost so much,480,12,1.60,PAA,stable,FAQ page,DIY vs professional,core,why,national
difference between makeup trial and day of makeup,390,10,1.70,PAA,stable,what-is explainer,bridal beauty process,core,what-is,national
how to find affordable wedding hair and makeup in DFW,320,8,2.40,PAA|local pack,rising,local guide,DFW local,core,local,local
outdoor wedding makeup tips for Texas summer,390,9,1.30,PAA,seasonal,how-to guide,DFW local,core,how-to,local
best hairstyles for outdoor Texas wedding,480,11,1.10,PAA|image pack,seasonal,listicle,DFW local,core,best-of,local
wedding beauty vendors Rockwall TX what to know,210,6,2.10,local pack,stable,local guide,DFW local,core,local,local
how to look camera ready at outdoor Texas reception,280,7,1.20,PAA,seasonal,how-to guide,DFW local,core,how-to,local
sweat proof makeup for outdoor summer ceremony,590,13,1.30,PAA|featured snippet,seasonal,how-to guide,DFW local,core,how-to,local
what is bridal beauty party getting ready,390,10,1.10,PAA,rising,what-is explainer,on-location service model,adjacent,what-is,national
how to make getting ready photos look beautiful,720,15,0.90,PAA|image pack,rising,how-to guide,on-location service model,adjacent,how-to,national
prom makeup ideas for teens,2400,24,1.00,image pack|PAA|video carousel,seasonal,listicle,special events makeup,adjacent,best-of,national
how to do your makeup for senior photos,880,18,0.80,PAA|video carousel,seasonal,how-to guide,special events makeup,adjacent,how-to,national
how to choose lip color for wedding,880,17,1.20,PAA|featured snippet,stable,how-to guide,bridal makeup longevity,core,how-to,national
